feature,xtts,f5tts
varco_uv,0.51440329218107,0.5101327742837177
npvi,0.5126436781609196,0.5457627118644068
energy_std,0.5620689655172413,0.5666666666666667
varco_v,0.5797619047619047,0.5135593220338983
f0_final_move,0.503448275862069,0.612994350282486
pause_var_dur,0.636206896551724,0.65
f0_slope,0.5206896551724138,0.6542372881355932
voiced_fraction,0.6666666666666667,0.5903954802259888
pause_count,0.6821839080459771,0.6768361581920904
pause_mean_dur,0.7126436781609196,0.6497175141242939
speaking_rate_mean,0.5517241379310345,0.7163841807909604
f0_std,0.5022988505747127,0.7870056497175142
jitter,0.7425287356321839,0.7988700564971751
f0_range,0.5436781609195402,0.8124293785310734
f0_velocity,0.5195402298850575,0.8559322033898304
energy_slope,0.9655172413793103,0.5909604519774012
f0_mean,0.9793103448275862,0.5525423728813559
shimmer,0.9954022988505746,0.9757062146892655
